folder,mean_similarity,std_similarity
17,0.8564478807117029,0.060634475099649615
