folder,mean_similarity,std_similarity
24,0.8855723505434783,0.057761468388996644
