folder,mean_similarity,std_similarity
45,0.9495578342013888,0.03282515255524751
