folder,mean_similarity,std_similarity
32,0.87652587890625,0.09292539900144231
