folder,mean_similarity,std_similarity
36,0.9244128568672839,0.06295658661970768
