folder,mean_similarity,std_similarity
15,0.8334147135416666,0.07694790258184118
