folder,mean_similarity,std_similarity
41,0.8794080946180556,0.07801909037843899
