folder,mean_similarity,std_similarity
48,0.94879150390625,0.04719999028050193
