folder,mean_similarity,std_similarity
50,0.8875675201416016,0.06711054448459146
