folder,mean_similarity,std_similarity
16,0.852339563290935,0.06494916727665027
