folder,mean_similarity,std_similarity
56,0.8289322916666667,0.0873431629395475
