folder,mean_similarity,std_similarity
31,0.8794725206163194,0.055278241479169175
