folder,mean_similarity,std_similarity
6,0.8815363103693182,0.07227001044808821
