folder,mean_similarity,std_similarity
42,0.8633056640625,0.05924678310079513
