folder,mean_similarity,std_similarity
47,0.93484375,0.09498073984962853
