folder,mean_similarity,std_similarity
46,0.8880440848214286,0.06259809308833456
