folder,mean_similarity,std_similarity
54,0.782528369140625,0.1159238845381483
