folder,mean_similarity,std_similarity
12,0.843306647406684,0.08685461223997638
