folder,mean_similarity,std_similarity
22,0.9129503038194444,0.05501514090474716
