folder,mean_similarity,std_similarity
14,0.9125957878268495,0.044297417903900516
