folder,mean_similarity,std_similarity
30,0.8785667001460921,0.07603517971734419
