folder,mean_similarity,std_similarity
5,0.8610444297298001,0.05793164330653428
