folder,mean_similarity,std_similarity
11,0.7899265625,0.1020176410985198
