folder,mean_similarity,std_similarity
13,0.8333704118897929,0.06448178997252775
