folder,mean_similarity,std_similarity
34,0.8936496310763888,0.09483681043573353
