folder,mean_similarity,std_similarity
10,0.8751762435281065,0.08966832825087624
