folder,mean_similarity,std_similarity
38,0.8869653818558674,0.058058294105111506
