folder,mean_similarity,std_similarity
44,0.8945070377066116,0.05758889359179242
