folder,mean_similarity,std_similarity
0,0.9024415402091907,0.04800492133035437
