folder,mean_similarity,std_similarity
37,0.8682873999783737,0.05522391674707902
