folder,mean_similarity,std_similarity
21,0.9396484375,0.04739337397751563
