folder,mean_similarity,std_similarity
43,0.8485536865910664,0.05648832218758779
