folder,mean_similarity,std_similarity
20,0.963043212890625,0.027638464963493082
