folder,mean_similarity,std_similarity
55,0.8518800341393337,0.07628352626090798
