folder,mean_similarity,std_similarity
23,0.820098876953125,0.11563724875008938
