folder,mean_similarity,std_similarity
57,0.9620361328125,0.03772012160998631
