folder,mean_similarity,std_similarity
27,0.8116283574380165,0.10666152650159584
