folder,mean_similarity,std_similarity
2,0.8856978989512472,0.05158119453531696
