folder,mean_similarity,std_similarity
4,0.8848118782043457,0.058782349111929026
