folder,mean_similarity,std_similarity
52,0.9029248046875,0.04565435928095667
