folder,mean_similarity,std_similarity
8,0.91044921875,0.08467793653479645
