folder,mean_similarity,std_similarity
26,0.8584970327524039,0.06018279194439456
