folder,mean_similarity,std_similarity
3,0.8570196628570557,0.06303918464132531
