folder,mean_similarity,std_similarity
28,0.8732328627963286,0.065736984957938
