folder,mean_similarity,std_similarity
29,0.8743547712053571,0.06671441781234266
