folder,mean_similarity,std_similarity
39,0.8810356185281065,0.06326506220161215
