folder,mean_similarity,std_similarity
49,0.8591080503892734,0.06404974632454918
