folder,mean_similarity,std_similarity
1,0.9128639914772727,0.04275738140427663
