folder,mean_similarity,std_similarity
51,0.87548828125,0.10926231755959068
