folder,mean_similarity,std_similarity
35,0.8818031143106781,0.07339832278555412
