folder,mean_similarity,std_similarity
40,0.8996353149414062,0.04956873405651176
