folder,mean_similarity,std_similarity
7,0.8906432996542237,0.06064346454298462
